{"cameraMode":{"drawMode":0,"name":"Shaded","section":"Shading Mode"},"sceneLighting":true,"audioPlay":false,"sceneViewState":{"m_AlwaysRefresh":false,"showFog":true,"showSkybox":true,"showFlares":true,"showImageEffects":true,"showParticleSystems":true,"showVisualEffectGraphs":true,"m_FxEnabled":true},"in2DMode":false,"pivot":{"x":-14.243618965148926,"y":-7.452089309692383,"z":83.01439666748047},"rotation":{"x":-0.07049814611673355,"y":0.08460275828838349,"z":-0.0060192313976585869,"w":-0.9939610362052918},"size":41.29417419433594,"orthographic":false}