{"cameraMode":{"drawMode":0,"name":"Shaded","section":"Shading Mode"},"sceneLighting":true,"audioPlay":false,"sceneViewState":{"m_AlwaysRefresh":false,"showFog":true,"showSkybox":true,"showFlares":true,"showImageEffects":true,"showParticleSystems":true,"showVisualEffectGraphs":true,"m_FxEnabled":true},"in2DMode":false,"pivot":{"x":-75.59233856201172,"y":-63.592918395996097,"z":162.3065643310547},"rotation":{"x":0.28135916590690615,"y":0.12814556062221528,"z":-0.03844881057739258,"w":0.9506730437278748},"size":139.17974853515626,"orthographic":false}